Company,Website,LinkedIn,Email,Tone,Email Body
accenture,https://www.accenture.com/us-en,https://www.linkedin.com/search/results/all/?keywords=accenture,contact@www.accenture.com,friendly,"Here's a cold outreach email that I came up with:

Hi [First Name],

I came across Accenture's work in [specific area of interest, e.g. AI or digital transformation] and was impressed by the company's commitment to innovation and client success. As someone who's also passionate about [related passion], I'd love to connect and learn more about your experiences at Accenture. What's been the most exciting project you've worked on recently?

Best, [Your Name]

Let me know if you'd like me to make any adjustments!"
accenture,https://www.accenture.com/us-en,https://www.linkedin.com/search/results/all/?keywords=accenture,contact@www.accenture.com,professional,"Subject: Exploring Opportunities for Innovation and Growth

Dear [Recipient's Name],

I came across Accenture's impressive work in shaping the future of business and driving digital transformation, and I was excited to learn more about your experiences in the industry. As a [Your Profession/Industry], I've been following Accenture's innovative approaches to solving complex business problems and enhancing client value. Your work on [Specific Project/Initiative] particularly caught my attention, and I'd love to hear more about it. Would you be open to a brief conversation to explore potential opportunities for collaboration and knowledge-sharing?

Best regards,
[Your Name]"
accenture,https://www.accenture.com/us-en,https://www.linkedin.com/search/results/all/?keywords=accenture,contact@www.accenture.com,casual,"Here's a cold outreach email that introduces myself, shows relevance, and attempts to engage:

""Hey [Name], I hope this email finds you crushing it at Accenture! I came across your work on [specific project/initiative] and loved the innovative approach you're taking to [industry/issue]. As someone who's passionate about harnessing the power of change, I'd love to explore how our skills in [your areas of expertise] could complement your efforts. Let's grab a virtual coffee and explore how we can create some magic together!""

This email aims to:

1. Address the recipient by name (if possible) and acknowledge their work at Accenture.
2. Show relevance by mentioning a specific project or initiative that caught my attention.
3. Highlight a common interest or passion for harnessing the power of change.
4. Invite the recipient to explore potential collaboration opportunities.

The tone is chill, creative, and fun, with a dash of wit and unexpectedness."
