Company,Website,LinkedIn,Email,Location,Tone,Email Body
accenture,https://www.accenture.com/us-en,https://www.linkedin.com/search/results/all/?keywords=accenture,contact@www.accenture.com,USA,friendly,"Here's a cold outreach email that aims to introduce myself, show relevance, and spark a connection with the recipient:

Hi [First Name],

I've been a huge fan of Accenture's work in shaping the future of business and technology. As someone who's passionate about innovation and collaboration, I'm excited to reach out to you. Your role in [Department/Team] really caught my attention, and I'd love to learn more about the exciting projects you're working on. Let's connect and explore how we can create meaningful value together!

Best regards,
[Your Name]"
accenture,https://www.accenture.com/us-en,https://www.linkedin.com/search/results/all/?keywords=accenture,contact@www.accenture.com,USA,professional,"Subject: Exploring Opportunities for Innovation at Accenture

Dear [First Name],

I hope this email finds you well. My name is [Your Name], and I came across Accenture's impressive work in creating 360° value for clients and communities. As I explored your company's website, I was struck by Accenture's commitment to embracing change and driving innovation. I'd love to learn more about your experiences and discuss potential opportunities for collaboration.

Best regards,
[Your Name]"
accenture,https://www.accenture.com/us-en,https://www.linkedin.com/search/results/all/?keywords=accenture,contact@www.accenture.com,USA,casual,"Here's a cold outreach email that introduces myself, shows relevance, and tries to compliment or engage with the recipient:

Subject: Let's Level Up Digital Innovation at Accenture!

Hey [Recipient's Name],

I'm [Your Name], a digital innovation enthusiast with a passion for scaling solutions that drive real impact. I came across Accenture's work in [specific area of interest, e.g. AI, sustainability, etc.] and was blown away by the company's commitment to creating 360° value. Would love to learn more about your role and how you're contributing to Accenture's mission to harness the power of change.

Looking forward to hearing from you!

Best, [Your Name]

This email is short, friendly, and shows that you've done your research on the company. By mentioning a specific area of interest, you're also giving the recipient a chance to open up and share their own experiences and insights."
